appointment_date,eligible_appointments,coverage,is_outage,weekday
2016-04-29,1619,0.7875231624459543,0,4
2016-05-02,2787,0.819519196268389,0,0
2016-05-03,2386,0.8369656328583404,0,1
2016-05-04,1971,0.8330796549974632,0,2
2016-05-05,1999,0.7908954477238619,0,3
2016-05-06,1799,0.7581989994441356,0,4
2016-05-09,2849,0.0,1,0
2016-05-10,2462,0.8334687246141349,0,1
2016-05-11,2118,0.8342776203966006,0,2
2016-05-12,2068,0.7683752417794971,0,3
2016-05-13,2021,0.0,1,4
2016-05-14,21,0.6190476190476191,0,5
2016-05-16,2995,0.0,1,0
2016-05-17,2567,0.0,1,1
2016-05-18,2157,0.0,1,2
2016-05-19,2096,0.0,1,3
2016-05-20,1896,0.0,1,4
2016-05-24,2445,0.8302658486707567,0,1
2016-05-25,2291,0.8306416412047141,0,2
2016-05-30,2874,0.8406402226861517,0,0
2016-05-31,2620,0.8393129770992367,0,1
2016-06-01,2067,0.8268021286889211,0,2
2016-06-02,2082,0.8054755043227666,0,3
2016-06-03,1959,0.8014293006636038,0,4
2016-06-06,3073,0.7953140253823625,0,0
2016-06-07,2617,0.8139090561711884,0,1
2016-06-08,2178,0.8443526170798898,0,2
